dur,proto,service,state,spkts,dpkts,sbytes,dbytes,rate,sttl,dttl,sload,dload,sloss,dloss,sinpkt,dinpkt,sjit,djit,swin,stcpb,dtcpb,dwin,tcprtt,synack,ackdat,smean,dmean,trans_depth,response_body_len,ct_srv_src,ct_state_ttl,ct_dst_ltm,ct_src_dport_ltm,ct_dst_sport_ltm,ct_dst_src_ltm,is_ftp_login,ct_ftp_cmd,ct_flw_http_mthd,ct_src_ltm,ct_srv_dst,is_sm_ips_ports,label
9e-06,udp,dns,INT,2,0,114,0,111111.1072,254,0,50666664.0,0.0,0,0,0.009,0.0,0.0,0.0,0,0,0,0,0.0,0.0,0.0,57,0,0,0,14,2,14,14,14,14,0,0,0,14,14,0,1
1.180123,tcp,http,FIN,14,18,1684,10168,26.268449,31,29,10602.28516,65105.07813,3,5,90.75031,69.391412,8850.151487,7750.814482,255,1347742219,1369638510,255,0.000573,0.000466,0.000107,120,565,1,3924,2,0,1,1,1,1,0,0,1,1,4,0,0
8e-06,unas,-,INT,2,0,200,0,125000.0003,254,0,100000000.0,0.0,0,0,0.008,0.0,0.0,0.0,0,0,0,0,0.0,0.0,0.0,100,0,0,0,7,2,4,3,3,7,0,0,0,6,7,0,1
8e-06,udp,dns,INT,2,0,114,0,125000.0003,254,0,57000000.0,0.0,0,0,0.008,0.0,0.0,0.0,0,0,0,0,0.0,0.0,0.0,57,0,0,0,31,2,4,4,4,31,0,0,0,4,31,0,1
0.005908,tcp,-,FIN,22,24,1920,4312,7616.791028,31,29,2482058.25,5596479.5,6,6,0.264857,0.227826,16.460774,13.33297,255,3616552840,3616906706,255,0.000793,0.000656,0.000137,87,180,0,0,6,0,1,1,1,1,0,0,0,3,4,0,0
0.863131,tcp,-,FIN,12,8,3678,354,22.012881,254,252,31253.6582,2873.260254,3,1,78.375088,112.62157,4587.053926,218.538234,255,3398815491,183959989,255,0.213799,0.074772,0.139027,307,44,0,0,2,1,1,1,1,2,0,0,0,1,2,0,0
13.296462,tcp,-,REQ,6,0,270,0,0.37604,254,0,135.374359,0.0,5,0,2659.2925,0.0,4856.144,0.0,255,0,0,0,0.0,0.0,0.0,45,0,0,0,49,6,22,2,2,48,0,0,0,23,48,0,0
1.1e-05,udp,-,INT,2,0,806,0,90909.0902,254,0,293090912.0,0.0,0,0,0.011,0.0,0.0,0.0,0,0,0,0,0.0,0.0,0.0,403,0,0,0,5,2,1,1,1,1,0,0,0,3,1,0,1
0.256012,tcp,http,FIN,10,10,822,5592,74.215273,62,252,23123.91602,157273.875,2,3,28.445778,27.434333,1356.941876,1896.602589,255,3654627462,1982341602,255,0.054991,0.008366,0.046625,82,559,1,2336,1,1,1,1,1,1,0,0,1,1,1,0,1
8e-06,eigrp,-,INT,2,0,200,0,100000.0025,254,0,80000000.0,0.0,0,0,0.01,0.0,0.0,0.0,0,0,0,0,0.0,0.0,0.0,100,0,0,0,15,2,7,6,6,7,0,0,0,9,12,0,1
7e-06,udp,dns,INT,2,0,114,0,142857.1409,254,0,65142856.0,0.0,0,0,0.007,0.0,0.0,0.0,0,0,0,0,0.0,0.0,0.0,57,0,0,0,7,2,4,4,4,4,0,0,0,4,7,0,1
8e-06,udp,dns,INT,2,0,114,0,125000.0003,254,0,57000000.0,0.0,0,0,0.008,0.0,0.0,0.0,0,0,0,0,0.0,0.0,0.0,57,0,0,0,40,2,27,27,16,40,0,0,0,27,40,0,1
15.374568,tcp,-,REQ,16,0,720,0,0.975637,254,0,351.22937,0.0,15,0,1024.971188,0.0,1831.659375,0.0,255,0,0,0,0.0,0.0,0.0,45,0,0,0,18,6,3,3,3,17,0,0,0,3,17,0,0
1.241996,tcp,http,FIN,14,18,1684,10168,24.959822,31,29,10074.10645,61861.71094,3,5,95.510772,73.026824,9153.497707,8024.415795,255,4258419265,2123080368,255,0.00068,0.000535,0.000145,120,565,1,3924,3,0,3,1,1,1,0,0,1,1,3,0,0
1.525619,tcp,-,FIN,10,8,820,354,11.143018,254,252,3869.904541,1625.569702,2,1,165.269667,205.711141,9653.68673,376.989531,255,1905242134,271140962,255,0.200304,0.085635,0.114669,82,44,0,0,2,1,1,1,1,2,0,0,0,3,3,0,0
8e-06,udp,dns,INT,2,0,114,0,125000.0003,254,0,57000000.0,0.0,0,0,0.008,0.0,0.0,0.0,0,0,0,0,0.0,0.0,0.0,57,0,0,0,45,2,19,19,8,45,0,0,0,19,45,0,1
1.547068,tcp,ftp,FIN,18,20,952,1208,23.916208,254,252,4653.964844,5936.390625,5,7,91.004,79.113898,5186.412438,115.487406,255,3877625595,2470099331,255,0.054714,0.043248,0.011466,53,60,0,0,1,1,1,1,1,1,1,1,0,1,1,0,1
0.632601,tcp,-,FIN,10,8,564,354,26.873178,254,252,6424.270508,3920.32251,2,1,69.599444,89.264141,5458.604114,139.175172,255,192172250,791026797,255,0.056697,0.007734,0.048963,56,44,0,0,1,1,1,1,1,1,0,0,0,2,1,0,1
0.004644,udp,-,CON,4,4,568,312,1507.321284,31,29,733850.125,403100.7813,0,0,1.228667,1.036,1.719945,1.454519,0,0,0,0,0.0,0.0,0.0,142,78,0,0,7,0,5,1,1,3,0,0,0,5,9,0,0
0.971137,tcp,-,FIN,10,6,1612,268,15.445813,254,252,11953.0,1845.259766,2,1,102.815333,169.382594,6063.154649,304.568406,255,1432971444,3478715509,255,0.206035,0.124215,0.08182,161,45,0,0,6,1,2,2,1,6,0,0,0,2,6,0,0
9e-06,unas,-,INT,2,0,200,0,111111.1072,254,0,88888888.0,0.0,0,0,0.009,0.0,0.0,0.0,0,0,0,0,0.0,0.0,0.0,100,0,0,0,8,2,5,4,4,8,0,0,0,13,8,0,1
0.048122,tcp,ftp-data,FIN,6,8,320,1884,270.146711,31,29,44387.18359,274136.5625,1,2,9.5604,6.787857,665.16409,16.019116,255,881666210,3053388595,255,0.00075,0.000603,0.000147,53,236,0,0,3,0,4,1,1,4,0,0,0,8,3,0,0
0.241641,tcp,-,FIN,10,8,1474,440,70.3523,254,252,43932.94141,12746.18164,2,2,22.970556,32.333285,1473.509494,41.148031,255,3080367643,2396541607,255,0.028333,0.015297,0.013036,147,55,0,0,1,1,1,1,1,1,0,0,0,1,1,0,1
0.018179,tcp,-,FIN,16,18,1540,1644,1815.281426,31,29,635458.5,683425.9375,4,4,1.190867,1.042177,73.255658,2.000354,255,2210907415,71237516,255,0.000583,0.000459,0.000124,96,91,0,0,16,0,7,6,1,7,0,0,0,14,11,0,0
8e-06,udp,dns,INT,2,0,114,0,125000.0003,254,0,57000000.0,0.0,0,0,0.008,0.0,0.0,0.0,0,0,0,0,0.0,0.0,0.0,57,0,0,0,44,2,11,11,11,44,0,0,0,11,44,0,1
1.091132,tcp,http,FIN,10,10,822,1214,17.413108,62,252,5425.557617,8013.695312,2,2,121.236889,116.028891,7695.737982,197.862188,255,3859374841,3924936587,255,0.110965,0.046245,0.06472,82,121,1,207,4,1,3,3,3,4,0,0,9,3,4,0,0
0.001136,udp,dns,CON,2,2,146,178,2640.844988,31,29,514084.5,626760.5625,0,0,0.01,0.008,0.0,0.0,0,0,0,0,0.0,0.0,0.0,73,89,0,0,2,0,1,1,1,1,0,0,0,1,3,0,0
0.925477,tcp,-,FIN,10,8,642,354,18.368905,254,252,4996.342285,2679.699219,2,1,99.073111,125.934289,6842.838264,186.976484,255,469641556,1616407767,255,0.105632,0.043932,0.0617,64,44,0,0,10,1,3,3,1,9,0,0,0,3,9,0,0
4e-06,udp,dns,INT,2,0,114,0,250000.0006,254,0,114000000.0,0.0,0,0,0.004,0.0,0.0,0.0,0,0,0,0,0.0,0.0,0.0,57,0,0,0,13,2,7,7,4,7,0,0,0,9,13,0,1
0.001023,udp,dns,CON,2,2,146,178,2932.551349,31,29,570870.0,695992.1875,0,0,0.01,0.002,0.0,0.0,0,0,0,0,0.0,0.0,0.0,73,89,0,0,1,0,6,1,1,1,0,0,0,3,1,0,0
8e-06,udp,dns,INT,2,0,114,0,125000.0003,254,0,57000000.0,0.0,0,0,0.008,0.0,0.0,0.0,0,0,0,0,0.0,0.0,0.0,57,0,0,0,11,2,7,7,4,7,0,0,0,7,11,0,1
0.836897,tcp,-,FIN,10,6,610,268,17.923352,254,252,5247.95752,2141.243164,2,1,89.992556,147.508203,4617.579622,220.853109,255,1896905888,3040530807,255,0.195889,0.099348,0.096541,61,45,0,0,4,1,1,1,1,2,0,0,0,1,2,0,0
1.419348,tcp,-,FIN,122,126,7818,15828,174.023566,31,29,43704.57422,88508.24219,30,32,11.727066,11.349984,796.995873,787.182458,255,60516758,2236787288,255,0.00074,0.00059,0.00015,64,126,0,0,1,0,3,1,1,1,0,0,0,2,7,0,0
0.087156,tcp,-,FIN,60,60,3614,49238,1365.367881,31,29,326219.6563,4444261.0,7,24,1.423814,1.42322,73.380684,74.750034,255,3726223353,3732224023,255,0.003295,0.003185,0.00011,60,821,0,0,13,0,3,1,1,1,0,0,0,4,10,0,0
0.018577,tcp,-,FIN,16,18,1540,1644,1776.390148,31,29,621844.1875,668784.0,4,4,1.217733,1.065353,73.770006,2.104656,255,2878265996,738193744,255,0.000582,0.00046,0.000122,96,91,0,0,9,0,10,6,1,6,0,0,0,11,9,0,0
1e-05,udp,dns,INT,2,0,114,0,100000.0025,254,0,45600000.0,0.0,0,0,0.01,0.0,0.0,0.0,0,0,0,0,0.0,0.0,0.0,57,0,0,0,46,2,41,41,18,46,0,0,0,41,46,0,1
0.993436,tcp,-,FIN,10,8,564,354,17.112326,254,252,4090.852539,2496.38623,2,1,102.217556,134.180578,7202.199038,168.519187,255,2961870287,3834024358,255,0.14191,0.054165,0.087745,56,44,0,0,1,1,1,1,1,1,0,0,0,1,1,0,1
5e-06,unas,-,INT,2,0,200,0,200000.0051,254,0,160000000.0,0.0,0,0,0.005,0.0,0.0,0.0,0,0,0,0,0.0,0.0,0.0,100,0,0,0,11,2,2,2,2,2,0,0,0,2,11,0,1
3.321958,tcp,-,FIN,18,18,1020,2526,10.535955,62,252,2321.522461,5746.008789,6,7,195.409294,188.406703,12677.84205,341.638031,255,2606497487,3044992740,255,0.160442,0.077218,0.083224,57,140,0,0,3,1,2,1,1,2,0,0,0,2,3,0,1
4e-06,udp,dns,INT,2,0,114,0,250000.0006,254,0,114000000.0,0.0,0,0,0.004,0.0,0.0,0.0,0,0,0,0,0.0,0.0,0.0,57,0,0,0,12,2,3,3,1,3,0,0,0,3,12,0,1
1e-05,udp,-,INT,2,0,1064,0,100000.0025,254,0,425600000.0,0.0,0,0,0.01,0.0,0.0,0.0,0,0,0,0,0.0,0.0,0.0,532,0,0,0,2,2,1,1,1,2,0,0,0,1,2,0,0
9e-06,sdrp,-,INT,2,0,200,0,111111.1072,254,0,88888888.0,0.0,0,0,0.009,0.0,0.0,0.0,0,0,0,0,0.0,0.0,0.0,100,0,0,0,7,2,1,1,1,7,0,0,0,1,7,0,1
0.90525,tcp,-,FIN,12,8,1106,748,20.988677,254,252,8961.060547,5788.456055,3,2,82.295453,116.463711,4840.283035,172.007,255,3569904945,1099782310,255,0.16859,0.08932,0.07927,92,94,0,0,8,1,6,1,1,8,0,0,0,5,8,0,0
1e-06,udp,-,INT,2,0,104,0,1000000.003,254,0,416000000.0,0.0,0,0,0.001,0.0,0.0,0.0,0,0,0,0,0.0,0.0,0.0,52,0,0,0,2,2,1,1,1,2,0,0,0,1,3,0,0
7e-06,udp,dns,INT,2,0,114,0,142857.1409,254,0,65142856.0,0.0,0,0,0.007,0.0,0.0,0.0,0,0,0,0,0.0,0.0,0.0,57,0,0,0,31,2,6,6,6,31,0,0,0,6,31,0,1
8e-06,udp,dns,INT,2,0,114,0,125000.0003,254,0,57000000.0,0.0,0,0,0.008,0.0,0.0,0.0,0,0,0,0,0.0,0.0,0.0,57,0,0,0,22,2,20,20,11,22,0,0,0,21,22,0,1
3.099979,tcp,smtp,FIN,28,20,15830,1834,15.161393,62,252,39393.81641,4498.095215,11,8,114.814041,155.481109,7056.654952,199.802328,255,2564539616,894336898,255,0.256756,0.144979,0.111777,565,92,0,0,1,1,2,1,1,2,0,0,0,2,1,0,1
0.932907,tcp,-,FIN,10,6,588,268,16.078773,254,252,4544.933105,1920.877441,2,1,97.961778,171.372203,6037.912451,290.867094,255,228525630,959625633,255,0.186577,0.076036,0.110541,59,45,0,0,5,1,2,2,1,3,0,0,0,4,3,0,0
0.611157,tcp,-,FIN,22,24,2054,2478,73.630835,31,29,25669.3457,31088.57422,6,6,29.045906,26.547305,1664.310184,1585.9489,255,1100114705,1100405384,255,0.00069,0.000558,0.000132,93,103,0,0,7,0,4,1,1,1,0,0,0,4,11,0,0
9e-06,udp,dns,INT,2,0,114,0,111111.1072,254,0,50666664.0,0.0,0,0,0.009,0.0,0.0,0.0,0,0,0,0,0.0,0.0,0.0,57,0,0,0,32,2,18,18,18,32,0,0,0,18,32,0,1
3.3e-05,udp,dns,INT,2,0,114,0,30303.03007,254,0,13818182.0,0.0,0,0,0.033,0.0,0.0,0.0,0,0,0,0,0.0,0.0,0.0,57,0,0,0,29,2,25,25,25,29,0,0,0,26,29,0,1
0.001013,udp,dns,CON,2,2,130,162,2961.500406,31,29,513326.75,639684.0625,0,0,0.01,0.009,0.0,0.0,0,0,0,0,0.0,0.0,0.0,65,81,0,0,3,0,3,1,1,1,0,0,0,2,1,0,0
0.172283,tcp,-,FIN,10,6,860,268,87.066051,254,252,35940.86719,10401.49121,2,1,19.142556,31.1176,1145.858758,54.43791,255,2604398898,384002347,255,0.026705,0.016196,0.010509,86,45,0,0,1,1,1,1,1,1,0,0,0,1,2,0,1
2.534792,tcp,-,FIN,12,10,994,804,8.284704,254,252,2878.342773,2285.000244,3,2,230.435636,259.453672,16175.41155,380.574187,255,2956891881,1753405376,255,0.294936,0.199011,0.095925,83,80,0,0,2,1,1,1,1,1,0,0,0,1,1,0,1
0.018547,tcp,-,FIN,16,18,1540,1644,1779.263458,31,29,622850.0625,669865.75,4,4,1.2148,1.064177,74.180579,2.094996,255,3745874279,3751101801,255,0.000576,0.000453,0.000123,96,91,0,0,17,0,7,6,1,6,0,0,0,12,13,0,0
1.004594,tcp,http,FIN,12,18,1580,10168,28.867384,31,29,11538.99023,76480.64844,3,5,91.295635,59.062826,9528.593017,7674.313255,255,2667088800,518571127,255,0.000657,0.000523,0.000134,132,565,1,3924,2,0,4,1,1,1,0,0,1,5,3,0,0
1.1e-05,udp,dns,INT,2,0,114,0,90909.0902,254,0,41454544.0,0.0,0,0,0.011,0.0,0.0,0.0,0,0,0,0,0.0,0.0,0.0,57,0,0,0,16,2,4,4,4,4,0,0,0,5,16,0,1
0.665543,tcp,-,FIN,10,8,564,354,25.543052,254,252,6106.291992,3726.280518,2,1,73.949222,92.77843,5438.167067,134.536375,255,2341775754,2897574200,255,0.061754,0.015005,0.046749,56,44,0,0,1,1,1,1,1,1,0,0,0,1,1,0,1
0.402189,tcp,-,FIN,10,8,810,1172,42.268686,62,252,14500.64551,20408.31641,2,2,44.687667,46.124285,2224.446115,55.154371,255,3541163294,902519064,255,0.091266,0.060435,0.030831,81,147,0,0,8,1,1,2,1,1,0,0,0,2,5,0,1
0.015933,tcp,-,FIN,46,48,2854,30622,5836.94236,31,29,1401870.375,15055546.0,7,17,0.346756,0.326894,0.0,18.965847,255,1579210034,3739305232,255,0.000698,0.000565,0.000133,62,638,0,0,4,0,6,1,1,1,0,0,0,4,8,0,0
0.268933,tcp,http,FIN,10,6,1026,268,55.775974,254,252,27486.40039,6663.369629,2,1,27.796222,48.973398,1591.841161,77.801594,255,1728923378,2716604332,255,0.051196,0.024062,0.027134,103,45,1,0,1,1,1,1,1,1,0,0,1,1,1,0,1
3e-06,udp,dns,INT,2,0,114,0,333333.3215,254,0,152000000.0,0.0,0,0,0.003,0.0,0.0,0.0,0,0,0,0,0.0,0.0,0.0,57,0,0,0,31,2,31,31,18,31,0,0,0,31,31,0,1
1e-05,udp,-,INT,2,0,336,0,100000.0025,254,0,134400000.0,0.0,0,0,0.01,0.0,0.0,0.0,0,0,0,0,0.0,0.0,0.0,168,0,0,0,1,2,1,1,1,1,0,0,0,1,1,0,1
0.399447,tcp,-,CON,6,2,998,86,17.524228,62,252,16663.03711,861.190613,2,1,79.8894,0.002,5494.707079,0.0,255,4245940446,3383202400,255,0.388418,0.352141,0.036277,166,43,0,0,6,3,3,3,1,6,0,0,0,3,6,0,0
8e-06,sat-expak,-,INT,2,0,200,0,125000.0003,254,0,100000000.0,0.0,0,0,0.008,0.0,0.0,0.0,0,0,0,0,0.0,0.0,0.0,100,0,0,0,6,2,2,2,2,6,0,0,0,2,6,0,1
0.445202,tcp,-,FIN,10,6,1612,268,33.692572,254,252,26073.55859,4025.13916,2,1,49.466889,72.572602,2504.183187,108.560141,255,3316542850,278103680,255,0.11281,0.081645,0.031165,161,45,0,0,6,1,2,2,1,6,0,0,0,2,6,0,0
0.272519,tcp,-,FIN,96,98,5486,92746,708.207521,31,29,159372.375,2694858.0,7,42,2.865316,2.803278,165.92199,164.180573,255,1665645852,3855402196,255,0.000733,0.000597,0.000136,57,946,0,0,18,0,1,1,1,1,0,0,0,1,10,0,0
0.001076,udp,dns,CON,2,2,130,162,2788.103975,31,29,483271.3438,602230.4375,0,0,0.01,0.008,0.0,0.0,0,0,0,0,0.0,0.0,0.0,65,81,0,0,3,0,2,1,1,2,0,0,0,7,1,0,0
5e-06,udp,-,INT,2,0,104,0,200000.0051,254,0,83200000.0,0.0,0,0,0.005,0.0,0.0,0.0,0,0,0,0,0.0,0.0,0.0,52,0,0,0,3,2,1,1,1,2,0,0,0,2,2,0,0
0.000929,udp,dns,CON,2,2,146,178,3229.27889,31,29,628632.9375,766415.5,0,0,0.01,0.003,0.0,0.0,0,0,0,0,0.0,0.0,0.0,73,89,0,0,4,0,2,1,1,1,0,0,0,4,3,0,0
0.001028,udp,dns,CON,2,2,132,164,2918.287859,31,29,513618.6563,638132.25,0,0,0.011,0.008,0.0,0.0,0,0,0,0,0.0,0.0,0.0,66,82,0,0,1,0,2,1,1,1,0,0,0,8,6,0,0
0.729768,tcp,-,FIN,10,8,1506,354,23.295075,254,252,14864.99902,3398.340332,2,1,81.085333,91.161,4881.535784,185.48775,255,2732047925,3869773713,255,0.170599,0.091015,0.079584,151,44,0,0,4,1,1,1,1,1,0,0,0,1,4,0,1
1.107868,tcp,http,FIN,12,18,1580,10168,26.176405,31,29,10463.34082,69351.22656,3,5,100.683094,65.136237,9700.509683,7811.046091,255,4053613492,1909270899,255,0.000696,0.000545,0.000151,132,565,1,3924,2,0,9,1,1,2,0,0,1,3,1,0,0
0.603867,tcp,http,FIN,60,14,68199,612,120.887548,254,252,888447.3125,7538.083984,27,1,10.052847,44.564461,1113.667786,65.041859,255,2901227549,3508863673,255,0.045486,0.024518,0.020968,1137,44,1,0,4,1,1,1,1,1,0,0,1,1,4,0,1
3e-06,udp,dns,INT,2,0,114,0,333333.3215,254,0,152000000.0,0.0,0,0,0.003,0.0,0.0,0.0,0,0,0,0,0.0,0.0,0.0,57,0,0,0,19,2,18,18,18,19,0,0,0,18,19,0,1
1.011875,tcp,-,FIN,16,12,1008,678,26.683137,254,252,7471.27832,4917.603516,4,4,67.458332,87.994633,3713.433938,133.437469,255,1640080049,1045779064,255,0.084124,0.043149,0.040975,63,57,0,0,7,1,3,3,1,7,0,0,0,3,7,0,0
3e-06,unas,-,INT,2,0,200,0,100000.0025,254,0,80000000.0,0.0,0,0,0.01,0.0,0.0,0.0,0,0,0,0,0.0,0.0,0.0,100,0,0,0,15,2,8,8,8,8,0,0,0,8,14,0,1
0.824992,tcp,-,FIN,14,10,774,556,27.879058,254,252,6972.188965,4858.229004,4,3,60.768,81.125336,3453.024903,102.37643,255,1035793884,925567756,255,0.142756,0.094861,0.047895,55,56,0,0,2,1,1,1,1,2,0,0,0,23,2,0,0
0.44623,tcp,-,FIN,10,8,832,1122,38.096946,62,252,13428.05273,17605.27148,2,2,49.581111,47.57343,2486.663527,75.109898,255,4294817672,1082782036,255,0.127097,0.091117,0.03598,83,140,0,0,5,1,1,2,1,1,0,0,0,6,1,0,1
0.983874,tcp,http,FIN,10,8,816,1172,17.278635,62,252,5976.375,8342.53125,2,2,109.319333,124.932859,5929.211713,192.590406,255,794167371,1624757001,255,0.206572,0.108393,0.098179,82,147,1,184,2,1,1,1,1,2,0,0,1,1,3,0,0
9e-06,udp,-,INT,2,0,78,0,111111.1072,254,0,34666664.0,0.0,0,0,0.009,0.0,0.0,0.0,0,0,0,0,0.0,0.0,0.0,39,0,0,0,8,2,1,1,1,8,0,0,0,1,8,0,0
8e-06,udp,dns,INT,2,0,114,0,125000.0003,254,0,57000000.0,0.0,0,0,0.008,0.0,0.0,0.0,0,0,0,0,0.0,0.0,0.0,57,0,0,0,32,2,9,9,9,32,0,0,0,9,32,0,1
4e-06,udp,dns,INT,2,0,114,0,250000.0006,254,0,114000000.0,0.0,0,0,0.004,0.0,0.0,0.0,0,0,0,0,0.0,0.0,0.0,57,0,0,0,19,2,21,19,19,21,0,0,0,21,19,0,1
0.410572,tcp,-,CON,6,2,998,86,17.049385,62,252,16211.5293,837.855469,2,1,82.1144,0.004,4864.713978,0.0,255,1665901058,1001300495,255,0.335815,0.243556,0.092259,166,43,0,0,3,3,3,3,1,3,0,0,0,3,3,0,0
7e-06,udp,dns,INT,2,0,114,0,142857.1409,254,0,65142856.0,0.0,0,0,0.007,0.0,0.0,0.0,0,0,0,0,0.0,0.0,0.0,57,0,0,0,12,2,3,3,3,3,0,0,0,4,12,0,1
9e-06,udp,dns,INT,2,0,114,0,111111.1072,254,0,50666664.0,0.0,0,0,0.009,0.0,0.0,0.0,0,0,0,0,0.0,0.0,0.0,57,0,0,0,25,2,25,25,25,25,0,0,0,28,25,0,1
1e-05,udp,dns,INT,2,0,114,0,100000.0025,254,0,45600000.0,0.0,0,0,0.01,0.0,0.0,0.0,0,0,0,0,0.0,0.0,0.0,57,0,0,0,39,2,18,18,18,39,0,0,0,18,39,0,1
8e-06,udp,dns,INT,2,0,114,0,125000.0003,254,0,57000000.0,0.0,0,0,0.008,0.0,0.0,0.0,0,0,0,0,0.0,0.0,0.0,57,0,0,0,21,2,18,18,18,21,0,0,0,18,21,0,1
0.0,arp,-,INT,1,0,46,0,0.0,0,0,0.0,0.0,0,0,60000.676,0.0,0.0,0.0,0,0,0,0,0.0,0.0,0.0,46,0,0,0,1,2,1,1,1,1,0,0,0,1,1,1,0
0.989516,tcp,http,FIN,12,12,1174,1802,23.243686,62,252,8707.287109,13356.02441,3,3,89.946001,84.719094,4642.928709,144.493844,255,1079762423,4059872906,255,0.158993,0.057596,0.101397,98,150,1,166,1,1,1,1,1,1,0,0,1,2,1,0,1
0.62222,tcp,-,FIN,14,12,782,678,40.178716,254,252,9347.176758,7997.171875,4,4,47.863076,51.018816,2510.228832,65.560641,255,3914018149,3462494813,255,0.134496,0.060263,0.074233,56,57,0,0,5,1,4,2,1,2,0,0,0,2,6,0,1
0.819259,tcp,-,FIN,20,8,18062,354,32.956611,254,252,167556.2969,3027.125732,7,1,39.02258,107.072859,3036.96011,135.778016,255,814630972,4203591244,255,0.145991,0.069747,0.076244,903,44,0,0,5,1,1,1,1,3,0,0,0,2,3,0,0
2e-06,udp,dns,INT,2,0,114,0,500000.0013,254,0,228000000.0,0.0,0,0,0.002,0.0,0.0,0.0,0,0,0,0,0.0,0.0,0.0,57,0,0,0,39,2,28,28,14,39,0,0,0,28,39,0,1
1e-05,udp,-,INT,2,0,1064,0,100000.0025,254,0,425600000.0,0.0,0,0,0.01,0.0,0.0,0.0,0,0,0,0,0.0,0.0,0.0,532,0,0,0,32,2,9,9,1,32,0,0,0,9,32,0,0
0.017158,tcp,-,FIN,38,40,2438,20718,4487.702582,31,29,1106888.875,9418813.0,7,13,0.455027,0.423282,35.084694,33.560727,255,1439170119,3589092663,255,0.000776,0.000639,0.000137,64,518,0,0,9,0,3,1,1,1,0,0,0,1,5,0,0
4e-06,udp,dns,INT,2,0,114,0,250000.0006,254,0,114000000.0,0.0,0,0,0.004,0.0,0.0,0.0,0,0,0,0,0.0,0.0,0.0,57,0,0,0,45,2,38,38,14,42,0,0,0,38,42,0,1
0.802407,tcp,-,FIN,10,6,534,268,18.693755,254,252,4795.571289,2233.280518,2,1,83.000111,128.421203,4354.731638,197.769156,255,3558521815,630575075,255,0.277114,0.160292,0.116822,53,45,0,0,2,1,1,1,1,2,0,0,0,1,2,0,0
3.867432,tcp,smtp,FIN,606,106,773890,5336,183.842917,62,252,1598193.25,10934.38672,281,8,6.39245,36.580668,770.302506,56.671668,255,25073478,568559396,255,0.05143,0.007475,0.043955,1277,50,0,0,1,1,1,1,1,1,0,0,0,1,1,0,1
5e-06,udp,-,INT,2,0,1064,0,200000.0051,254,0,851200000.0,0.0,0,0,0.005,0.0,0.0,0.0,0,0,0,0,0.0,0.0,0.0,532,0,0,0,32,2,7,7,1,32,0,0,0,7,32,0,0
5e-06,trunk-2,-,INT,2,0,200,0,200000.0051,254,0,160000000.0,0.0,0,0,0.005,0.0,0.0,0.0,0,0,0,0,0.0,0.0,0.0,100,0,0,0,6,2,3,3,3,6,0,0,0,5,6,0,1
0.256175,tcp,ftp-data,FIN,14,6,8928,320,74.168046,31,29,258916.75,8338.049805,4,1,19.705769,51.093398,1867.191753,80.696727,255,732251206,3152587326,255,0.000709,0.000568,0.000141,638,53,0,0,3,0,6,1,1,4,0,0,0,12,5,0,0
0.265098,tcp,-,FIN,20,8,17286,354,101.849125,254,252,495575.2188,9355.03125,7,1,13.136421,30.416143,1034.484066,48.201551,255,311477018,2960832941,255,0.110422,0.052182,0.05824,864,44,0,0,7,1,2,2,1,7,0,0,0,3,7,0,0
0.024406,tcp,smtp,FIN,52,42,37232,3380,3810.538531,31,29,11969516.0,1081701.25,18,8,0.470882,0.582439,25.744706,1.072109,255,972255232,973265419,255,0.000653,0.000522,0.000131,716,80,0,0,2,0,2,1,1,1,0,0,0,12,1,0,0
4e-06,udp,dns,INT,2,0,114,0,250000.0006,254,0,114000000.0,0.0,0,0,0.004,0.0,0.0,0.0,0,0,0,0,0.0,0.0,0.0,57,0,0,0,43,2,25,25,25,43,0,0,0,25,43,0,1
9e-06,udp,dns,INT,2,0,114,0,111111.1072,254,0,50666664.0,0.0,0,0,0.009,0.0,0.0,0.0,0,0,0,0,0.0,0.0,0.0,57,0,0,0,51,2,35,35,19,51,0,0,0,35,51,0,1
1.1e-05,udp,dns,INT,2,0,114,0,90909.0902,254,0,41454544.0,0.0,0,0,0.011,0.0,0.0,0.0,0,0,0,0,0.0,0.0,0.0,57,0,0,0,11,2,4,4,4,4,0,0,0,4,11,0,1
9e-06,unas,-,INT,2,0,200,0,111111.1072,254,0,88888888.0,0.0,0,0,0.009,0.0,0.0,0.0,0,0,0,0,0.0,0.0,0.0,100,0,0,0,6,2,3,3,3,6,0,0,0,11,6,0,1
1e-05,udp,-,INT,2,0,168,0,100000.0025,254,0,67200000.0,0.0,0,0,0.01,0.0,0.0,0.0,0,0,0,0,0.0,0.0,0.0,84,0,0,0,6,2,1,1,1,1,0,0,0,1,1,0,1
8e-06,udp,-,INT,2,0,2248,0,125000.0003,254,0,1124000000.0,0.0,0,0,0.008,0.0,0.0,0.0,0,0,0,0,0.0,0.0,0.0,1124,0,0,0,3,2,1,1,1,3,0,0,0,25,3,0,0
1.1e-05,udp,dns,INT,2,0,114,0,90909.0902,254,0,41454544.0,0.0,0,0,0.011,0.0,0.0,0.0,0,0,0,0,0.0,0.0,0.0,57,0,0,0,14,2,7,7,3,7,0,0,0,7,14,0,1
1.005725,tcp,http,FIN,12,18,1580,10168,28.834919,31,29,11526.01367,76394.64063,3,5,91.397089,59.130295,9530.169188,7675.092088,255,3601827966,1453316041,255,0.000647,0.000506,0.000141,132,565,1,3924,1,0,3,1,1,2,0,0,1,2,1,0,0
0.781813,tcp,http,FIN,10,10,796,1166,24.302486,62,252,7336.79248,10744.25684,2,2,86.868111,77.087336,5442.950404,133.062641,255,166989688,1349386506,255,0.118379,0.056262,0.062117,80,117,1,138,2,1,3,2,2,2,0,0,4,3,2,0,0
0.446784,tcp,-,FIN,10,6,534,268,33.573271,254,252,8612.663086,4010.886719,2,1,46.048444,74.072797,2400.261112,111.630062,255,2023281498,3683736629,255,0.168463,0.076416,0.092047,53,45,0,0,5,1,1,1,1,1,0,0,0,1,5,0,1
1.037166,tcp,-,FIN,12,10,1144,806,20.247482,254,252,8091.279297,5599.875,3,2,90.685634,105.334445,5499.303341,138.686875,255,2520209205,311707549,255,0.193096,0.089147,0.103949,95,81,0,0,4,1,1,1,1,1,0,0,0,1,1,0,1
0.004096,tcp,http,FIN,8,10,1040,824,4150.390635,31,29,1777343.75,1449218.75,2,2,0.532286,0.401444,34.841252,0.734096,255,3337808603,1189265371,255,0.0006,0.000476,0.000124,130,82,1,83,2,0,3,1,1,1,0,0,1,10,4,0,0
8e-06,udp,-,INT,2,0,104,0,125000.0003,254,0,52000000.0,0.0,0,0,0.008,0.0,0.0,0.0,0,0,0,0,0.0,0.0,0.0,52,0,0,0,7,2,3,2,2,2,0,0,0,3,4,0,0
1.2e-05,udp,dns,INT,2,0,114,0,83333.33039,254,0,38000000.0,0.0,0,0,0.012,0.0,0.0,0.0,0,0,0,0,0.0,0.0,0.0,57,0,0,0,7,2,7,7,4,7,0,0,0,7,7,0,1
0.499865,tcp,-,FIN,16,18,1540,1644,66.017825,31,29,23110.24023,24854.71094,4,4,33.301801,29.345295,2715.803933,48.759992,255,3628454982,3661759849,255,0.00112,0.000994,0.000126,96,91,0,0,13,0,5,4,1,4,0,0,0,8,7,0,0
0.07429,tcp,-,FIN,96,98,5486,92746,2597.927046,31,29,584627.8125,9885584.0,7,42,0.778158,0.760526,51.376906,50.210087,255,339699095,354463066,255,0.00065,0.000516,0.000134,57,946,0,0,8,0,3,1,1,2,0,0,0,2,6,0,0
0.313263,tcp,-,FIN,210,396,12138,495632,1931.284581,31,29,308520.3125,12625328.0,19,178,1.497344,0.791706,83.916338,44.250604,255,816107168,819748859,255,0.000682,0.000535,0.000147,58,1252,0,0,18,0,3,7,1,1,0,0,0,9,10,0,0
0.217312,tcp,http,FIN,10,6,1148,268,69.025183,254,252,38065.08594,8246.208008,2,1,24.145778,41.354801,1254.080455,61.817492,255,1345084615,3176772983,255,0.024186,0.009806,0.01438,115,45,1,0,1,1,1,1,1,1,0,0,1,1,1,0,1
8e-06,udp,dns,INT,2,0,114,0,125000.0003,254,0,57000000.0,0.0,0,0,0.008,0.0,0.0,0.0,0,0,0,0,0.0,0.0,0.0,57,0,0,0,11,2,4,4,4,4,0,0,0,4,11,0,1
0.016968,tcp,-,FIN,48,50,2958,32368,5716.642864,31,29,1365865.125,14955681.0,7,18,0.354043,0.333061,20.071598,19.450561,255,1189401596,3335123611,255,0.000777,0.000637,0.00014,62,647,0,0,4,0,2,1,1,1,0,0,0,2,6,0,0
1e-05,udp,dns,INT,2,0,114,0,100000.0025,254,0,45600000.0,0.0,0,0,0.01,0.0,0.0,0.0,0,0,0,0,0.0,0.0,0.0,57,0,0,0,36,2,25,25,25,36,0,0,0,25,36,0,1
4e-06,udp,dns,INT,2,0,114,0,250000.0006,254,0,114000000.0,0.0,0,0,0.004,0.0,0.0,0.0,0,0,0,0,0.0,0.0,0.0,57,0,0,0,33,2,18,18,18,33,0,0,0,18,33,0,1
0.498083,tcp,-,FIN,10,6,1526,268,30.115463,254,252,22068.61133,3597.793945,2,1,51.968444,77.068602,2728.907851,116.410523,255,2835066799,2479238762,255,0.160797,0.112737,0.04806,153,45,0,0,6,1,1,1,1,6,0,0,0,1,6,0,0
2e-06,udp,dns,INT,2,0,114,0,500000.0013,254,0,228000000.0,0.0,0,0,0.002,0.0,0.0,0.0,0,0,0,0,0.0,0.0,0.0,57,0,0,0,28,2,15,15,10,28,0,0,0,15,28,0,1
0.793304,tcp,http,FIN,10,8,818,1264,21.429363,62,252,7432.20752,11153.35352,2,2,88.144889,101.190141,4631.731484,144.954375,255,1275441638,732881394,255,0.15491,0.084201,0.070709,82,158,1,255,6,1,2,2,2,6,0,0,4,2,6,0,0
0.256629,tcp,-,FIN,74,164,4760,192828,923.512187,31,29,146390.3125,5974477.0,10,71,3.505411,1.557546,190.80538,92.064698,255,1617777428,1623773884,255,0.002892,0.002745,0.000147,64,1176,0,0,11,0,6,9,1,6,0,0,0,12,13,0,0
8e-06,tcp,-,REQ,2,0,90,0,125000.0003,254,0,45000000.0,0.0,1,0,0.008,0.0,0.0,0.0,255,0,0,0,0.0,0.0,0.0,45,0,0,0,3,6,1,1,1,3,0,0,0,1,3,0,0
0.382857,tcp,-,CON,6,2,998,86,18.283589,62,252,17385.08203,898.507812,2,1,76.5714,0.009,3835.274678,0.0,255,2832591495,785723584,255,0.179279,0.109381,0.069898,166,43,0,0,5,3,1,1,1,5,0,0,0,1,5,0,0
9e-06,udp,dns,INT,2,0,114,0,111111.1072,254,0,50666664.0,0.0,0,0,0.009,0.0,0.0,0.0,0,0,0,0,0.0,0.0,0.0,57,0,0,0,10,2,4,4,4,4,0,0,0,5,10,0,1
9e-06,udp,dns,INT,2,0,114,0,111111.1072,254,0,50666664.0,0.0,0,0,0.009,0.0,0.0,0.0,0,0,0,0,0.0,0.0,0.0,57,0,0,0,51,2,16,16,10,51,0,0,0,16,51,0,1
1.307497,tcp,-,FIN,16,10,860,556,19.120502,254,252,4937.678711,3065.398926,4,3,87.110998,135.139672,4758.931434,193.550141,255,436000571,2630126554,255,0.195876,0.091239,0.104637,54,56,0,0,1,1,17,1,1,1,0,0,0,1,1,0,0
1e-06,udp,-,INT,2,0,220,0,1000000.003,254,0,880000000.0,0.0,0,0,0.001,0.0,0.0,0.0,0,0,0,0,0.0,0.0,0.0,110,0,0,0,3,2,1,1,1,2,0,0,0,28,2,0,0
0.662126,tcp,-,FIN,10,8,564,354,25.674871,254,252,6137.804688,3745.510742,2,1,71.411333,90.69257,5465.328928,137.386297,255,10204359,1927104772,255,0.081554,0.027269,0.054285,56,44,0,0,1,1,5,1,1,1,0,0,0,1,10,0,1
0.184658,tcp,-,FIN,10,6,720,268,81.231247,254,252,28073.51953,9704.425781,2,1,18.953222,35.623801,989.841818,59.279242,255,3705234914,2036408698,255,0.05172,0.00653,0.04519,72,45,0,0,2,1,1,1,1,2,0,0,0,1,2,0,1
0.000989,udp,dns,CON,2,2,130,162,3033.367149,31,29,525783.625,655207.3125,0,0,0.011,0.005,0.0,0.0,0,0,0,0,0.0,0.0,0.0,65,81,0,0,3,0,5,1,1,3,0,0,0,4,4,0,0
0.190884,tcp,-,FIN,96,98,5486,92746,1011.085298,31,29,227530.8594,3847363.0,7,42,2.0058,1.962701,101.555523,100.487602,255,3032830213,936360735,255,0.000624,0.000499,0.000125,57,946,0,0,2,0,2,1,1,1,0,0,0,2,7,0,0
8e-06,udp,dns,INT,2,0,114,0,125000.0003,254,0,57000000.0,0.0,0,0,0.008,0.0,0.0,0.0,0,0,0,0,0.0,0.0,0.0,57,0,0,0,37,2,26,25,25,39,0,0,0,27,37,0,1
0.498771,tcp,smtp,FIN,52,40,37496,3276,182.448454,31,29,589849.8125,51245.96094,18,8,9.772686,12.774795,902.167451,30.274611,255,1852999319,4003657470,255,0.000683,0.00055,0.000133,721,82,0,0,1,0,3,1,1,2,0,0,0,14,2,0,0
1.655892,tcp,-,FIN,10,8,756,354,10.26637,254,252,3290.06958,1497.682251,2,1,180.816778,228.022141,11098.86524,367.404313,255,1019436454,1440272834,255,0.115381,0.059728,0.055653,76,44,0,0,2,1,1,1,1,2,0,0,0,1,2,0,0
0.334982,tcp,-,FIN,10,6,2516,268,44.778524,254,252,54092.45703,5349.541016,2,1,37.106889,59.521199,1787.598034,85.021648,255,3703389756,1819529013,255,0.101228,0.037375,0.063853,252,45,0,0,11,1,1,1,1,5,0,0,0,1,6,0,0
1.27567,tcp,-,FIN,10,8,2516,354,13.32633,254,252,14204.29981,1944.076416,2,1,141.632333,169.943,8716.821133,235.804469,255,1236966715,3749651090,255,0.155822,0.086062,0.06976,252,44,0,0,2,1,1,1,1,2,0,0,0,1,2,0,0
8e-06,sctp,-,INT,2,0,200,0,125000.0003,254,0,100000000.0,0.0,0,0,0.008,0.0,0.0,0.0,0,0,0,0,0.0,0.0,0.0,100,0,0,0,5,2,2,2,2,5,0,0,0,2,5,0,1
0.018641,tcp,-,FIN,16,18,1540,1644,1770.291235,31,29,619709.25,666487.8125,4,4,1.221667,1.069412,74.315946,2.29125,255,1531727252,1535849863,255,0.000577,0.000455,0.000122,96,91,0,0,12,0,9,5,1,5,0,0,0,8,14,0,0
9e-06,udp,-,INT,2,0,762,0,111111.1072,254,0,338666656.0,0.0,0,0,0.009,0.0,0.0,0.0,0,0,0,0,0.0,0.0,0.0,381,0,0,0,1,2,1,1,1,1,0,0,0,1,1,0,1
8e-06,udp,dns,INT,2,0,114,0,125000.0003,254,0,57000000.0,0.0,0,0,0.008,0.0,0.0,0.0,0,0,0,0,0.0,0.0,0.0,57,0,0,0,15,2,15,15,15,15,0,0,0,16,15,0,1
0.862731,tcp,-,FIN,122,126,7814,15296,286.30014,31,29,71864.8125,140715.9375,30,32,7.127074,6.897544,441.896293,438.584586,255,3012341201,867987013,255,0.000704,0.000533,0.000171,64,121,0,0,3,0,5,1,1,1,0,0,0,2,7,0,0
1.7e-05,udp,-,INT,2,0,1064,0,58823.52838,254,0,250352944.0,0.0,0,0,0.017,0.0,0.0,0.0,0,0,0,0,0.0,0.0,0.0,532,0,0,0,30,2,9,9,1,30,0,0,0,9,30,0,0
0.015928,tcp,-,FIN,16,18,1540,1644,2071.823177,31,29,725263.6875,780010.0625,4,4,1.0404,0.909765,75.440535,1.759753,255,545129162,2700960709,255,0.000615,0.000456,0.000159,96,91,0,0,19,0,6,6,1,6,0,0,0,11,7,0,0
0.001003,udp,dns,CON,2,2,146,178,2991.027057,31,29,582253.25,709870.4375,0,0,0.002,0.009,0.0,0.0,0,0,0,0,0.0,0.0,0.0,73,89,0,0,3,0,1,1,1,1,0,0,0,2,4,0,0
0.174952,tcp,-,FIN,84,86,4862,77276,965.979238,31,29,219717.4063,3492523.75,7,36,2.103976,2.052177,0.0,110.961693,255,2116240872,34440369,255,0.000645,0.000515,0.00013,58,899,0,0,7,0,4,1,1,2,0,0,0,3,7,0,0
8e-06,udp,-,INT,2,0,78,0,125000.0003,254,0,39000000.0,0.0,0,0,0.008,0.0,0.0,0.0,0,0,0,0,0.0,0.0,0.0,39,0,0,0,2,2,1,1,1,1,0,0,0,1,1,0,0
0.012908,tcp,ssh,FIN,70,60,12472,12716,9993.802628,31,29,7619461.0,7750232.5,17,17,0.187072,0.210052,12.0181,12.79133,255,1818027967,3963720378,255,0.000712,0.00058,0.000132,178,212,0,0,1,0,3,1,1,2,0,0,0,4,1,0,0
0.474251,tcp,-,FIN,10,6,672,268,31.628821,254,252,10205.56641,3778.589844,2,1,52.694556,70.69,2535.972664,102.697984,255,2161590228,696771663,255,0.141013,0.109696,0.031317,67,45,0,0,6,1,2,2,1,6,0,0,0,2,6,0,0
0.045976,tcp,-,FIN,48,50,2958,32368,2109.796334,31,29,504089.0625,5519575.0,7,18,0.971,0.927327,69.493206,66.345946,255,1641788811,1642088046,255,0.000678,0.000535,0.000143,62,647,0,0,3,0,5,1,1,1,0,0,0,2,2,0,0
2.014832,tcp,http,FIN,32,162,1760,207777,95.789623,62,252,6769.794922,819899.625,2,79,64.994584,11.799882,3181.594154,1509.588362,255,2448622749,1460785301,255,0.247617,0.114257,0.13336,55,1283,0,0,1,1,1,1,1,1,0,0,0,4,1,0,1
9e-06,unas,-,INT,2,0,200,0,111111.1072,254,0,88888888.0,0.0,0,0,0.009,0.0,0.0,0.0,0,0,0,0,0.0,0.0,0.0,100,0,0,0,7,2,3,3,3,7,0,0,0,12,7,0,1
0.368519,tcp,-,FIN,10,6,490,268,40.703464,254,252,9573.455078,4862.707031,2,1,40.836333,61.837398,1986.18739,79.182867,255,366183993,3100918159,255,0.107791,0.059321,0.04847,49,45,0,0,8,1,2,1,1,1,0,0,0,1,8,0,1
1.378133,tcp,-,FIN,10,8,2516,354,12.335529,254,252,13148.22266,1799.536011,2,1,149.826333,188.902,8992.281737,338.955875,255,594084888,2196450592,255,0.113975,0.055809,0.058166,252,44,0,0,2,1,1,1,1,2,0,0,0,18,2,0,0
0.13524,tcp,-,CON,6,2,998,86,51.759833,62,252,49216.20703,2543.625977,2,1,27.048,0.009,1778.336742,0.0,255,3471681939,540371337,255,0.125367,0.092075,0.033292,166,43,0,0,6,3,1,1,1,5,0,0,0,1,5,0,0
1.2e-05,udp,dns,INT,2,0,114,0,83333.33039,254,0,38000000.0,0.0,0,0,0.012,0.0,0.0,0.0,0,0,0,0,0.0,0.0,0.0,57,0,0,0,12,2,4,4,4,4,0,0,0,6,12,0,1
0.77329,tcp,http,FIN,60,14,68199,612,94.401844,254,252,693794.0625,5886.537109,27,1,12.961431,54.421848,1359.657429,84.861414,255,427033327,3312620599,255,0.123368,0.065798,0.05757,1137,44,1,0,2,1,1,1,1,3,0,0,1,1,2,0,0
0.017169,tcp,-,FIN,44,46,2766,24004,5183.761255,31,29,1259945.25,10942046.0,7,16,0.390884,0.369111,0.0,23.513432,255,3590508026,3602252029,255,0.000702,0.000555,0.000147,63,522,0,0,10,0,1,1,1,1,0,0,0,4,5,0,0
4e-06,unas,-,INT,2,0,200,0,90909.0902,254,0,72727272.0,0.0,0,0,0.011,0.0,0.0,0.0,0,0,0,0,0.0,0.0,0.0,100,0,0,0,6,2,4,4,4,4,0,0,0,5,6,0,1
0.743517,tcp,-,FIN,14,8,8834,354,28.244143,254,252,88261.60156,3335.498779,4,1,57.088925,92.145289,3817.14804,146.207547,255,3261502326,182266393,255,0.182275,0.09849,0.083785,631,44,0,0,3,1,1,1,1,2,0,0,0,1,2,0,0
1.1e-05,udp,dns,INT,2,0,114,0,90909.0902,254,0,41454544.0,0.0,0,0,0.011,0.0,0.0,0.0,0,0,0,0,0.0,0.0,0.0,57,0,0,0,14,2,4,4,4,4,0,0,0,4,14,0,1
0.001101,udp,-,CON,2,2,146,178,2724.795636,31,29,530426.875,646684.8125,0,0,0.011,0.008,0.0,0.0,0,0,0,0,0.0,0.0,0.0,73,89,0,0,13,0,1,1,1,1,0,0,0,5,9,0,0
0.595567,tcp,-,FIN,14,14,790,816,45.334951,254,252,9859.512695,10181.89453,4,5,45.812845,42.27623,2389.87437,2218.478621,255,4183626319,1912445016,255,0.086803,0.045244,0.041559,56,58,0,0,4,1,2,2,1,4,0,0,0,2,4,0,0
1.331538,tcp,-,FIN,10,8,564,354,12.767191,254,252,3052.109863,1862.507935,2,1,147.839111,170.610141,9664.634712,244.460406,255,869136951,306515653,255,0.247676,0.137256,0.11042,56,44,0,0,6,1,4,1,1,1,0,0,0,2,4,0,1
0.045749,tcp,-,FIN,82,86,4758,77276,3650.352917,31,29,821875.875,13356007.0,7,36,0.560778,0.531541,0.0,0.0,255,142183047,169546623,255,0.000722,0.000564,0.000158,58,899,0,0,5,0,2,1,1,1,0,0,0,5,6,0,0
0.0,arp,-,INT,1,0,46,0,0.0,0,0,0.0,0.0,0,0,60000.64,0.0,0.0,0.0,0,0,0,0,0.0,0.0,0.0,46,0,0,0,1,2,1,1,1,1,0,0,0,1,1,1,0
0.0429,tcp,-,FIN,96,98,5486,92746,4498.834523,31,29,1012400.938,17118882.0,7,42,0.447958,0.436969,0.0,22.754012,255,1345384943,1360085429,255,0.00065,0.00051,0.00014,57,946,0,0,2,0,3,1,1,1,0,0,0,2,3,0,0
3e-06,udp,dns,INT,2,0,114,0,333333.3215,254,0,152000000.0,0.0,0,0,0.003,0.0,0.0,0.0,0,0,0,0,0.0,0.0,0.0,57,0,0,0,33,2,24,24,24,33,0,0,0,25,33,0,1
1e-06,udp,dns,INT,2,0,114,0,1000000.003,254,0,456000000.0,0.0,0,0,0.001,0.0,0.0,0.0,0,0,0,0,0.0,0.0,0.0,57,0,0,0,7,2,3,3,3,3,0,0,0,3,7,0,1
7e-06,udp,dns,INT,2,0,114,0,142857.1409,254,0,65142856.0,0.0,0,0,0.007,0.0,0.0,0.0,0,0,0,0,0.0,0.0,0.0,57,0,0,0,7,2,4,4,4,4,0,0,0,4,7,0,1
8e-06,unas,-,INT,2,0,200,0,125000.0003,254,0,100000000.0,0.0,0,0,0.008,0.0,0.0,0.0,0,0,0,0,0.0,0.0,0.0,100,0,0,0,5,2,3,3,3,5,0,0,0,3,5,0,1
1.282962,tcp,-,FIN,10,8,534,354,13.250588,254,252,2999.30957,1933.026855,2,1,142.551333,168.645141,10092.23269,249.620844,255,3434211851,1755234018,255,0.179087,0.101601,0.077486,53,44,0,0,6,1,1,1,1,1,0,0,0,3,3,0,1
0.050832,tcp,-,FIN,72,74,4238,65118,2852.533858,31,29,657853.3125,10110010.0,7,30,0.71138,0.689452,43.963391,43.340801,255,753356794,2913492565,255,0.000616,0.000496,0.00012,59,880,0,0,13,0,2,1,1,1,0,0,0,2,3,0,0
0.429985,tcp,http,FIN,10,8,808,1054,39.536264,62,252,13544.65918,17172.69336,2,2,47.776111,55.677,2484.184968,98.9755,255,1027785058,3948329019,255,0.092821,0.039549,0.053272,81,132,1,125,5,1,1,1,1,5,0,0,1,1,5,0,0
0.516079,tcp,-,FIN,38,34,2814,17186,137.575834,31,29,42474.11719,258580.5625,8,11,13.948081,15.615575,2115.647398,2243.655709,255,3875575848,3875890342,255,0.000753,0.000609,0.000144,74,505,0,0,8,0,5,1,1,1,0,0,0,2,7,0,0
1.849518,tcp,-,FIN,10,8,498,354,9.191584,254,252,1942.127686,1340.889893,2,1,201.851556,252.008141,12199.87646,427.051438,255,2316708997,3607629307,255,0.147778,0.085452,0.062326,50,44,0,0,2,1,1,1,1,1,0,0,0,1,1,0,0
2e-06,udp,dns,INT,2,0,114,0,500000.0013,254,0,228000000.0,0.0,0,0,0.002,0.0,0.0,0.0,0,0,0,0,0.0,0.0,0.0,57,0,0,0,5,2,3,3,3,3,0,0,0,3,5,0,1
0.824359,tcp,-,FIN,10,8,2516,354,20.622083,254,252,21980.71484,3008.397949,2,1,91.595444,106.05157,5661.907586,156.86775,255,2630408358,2770602876,255,0.145355,0.081219,0.064136,252,44,0,0,9,1,1,1,1,3,0,0,0,6,2,0,0
1.000037,tcp,ftp,FIN,14,12,810,682,24.999076,254,252,6023.777344,5007.814941,4,4,76.879692,87.65,4212.255143,110.020766,255,372422152,805516745,255,0.119798,0.03588,0.083918,58,57,0,0,2,1,1,1,1,1,0,0,0,1,2,0,1
9e-06,tcp,-,REQ,2,0,90,0,111111.1072,254,0,40000000.0,0.0,1,0,0.009,0.0,0.0,0.0,255,0,0,0,0.0,0.0,0.0,45,0,0,0,9,6,3,1,1,9,0,0,0,3,9,0,0
1.806826,tcp,smtp,FIN,30,22,18614,1964,28.226293,62,252,79671.20313,8301.850586,12,8,62.304348,81.563094,4119.401903,116.993687,255,1144887368,3607208405,255,0.124463,0.076343,0.04812,620,89,0,0,1,1,1,1,1,1,0,0,0,2,1,0,1
5.900484,tcp,-,FIN,60,280,2814,365926,57.452913,62,252,3752.912354,494359.4375,6,138,100.008207,20.846214,4908.351362,2272.022742,255,1440597986,4143997559,255,0.171918,0.083655,0.088263,47,1307,0,0,1,1,2,1,1,1,0,0,0,1,3,0,1
0.799292,tcp,http,FIN,10,8,862,1226,21.268822,62,252,7766.873535,10739.50391,2,2,88.810222,101.89943,4938.389018,199.756906,255,1970769607,3325844233,255,0.142118,0.067967,0.074151,86,153,1,191,5,1,1,1,1,4,0,0,1,2,4,0,0
0.891756,tcp,-,FIN,16,10,2200,556,28.034575,254,252,18507.30469,4494.50293,5,3,58.353602,93.096445,3243.893063,118.014664,255,2567251369,3968998593,255,0.091408,0.053879,0.037529,138,56,0,0,7,1,3,2,2,6,0,0,0,2,7,0,0
0.004079,tcp,http,FIN,8,10,1040,824,4167.688064,31,29,1784751.125,1455258.625,2,2,0.532286,0.391111,34.044082,0.710136,255,1377770261,1378805387,255,0.000708,0.000555,0.000153,130,82,1,83,5,0,2,1,1,2,0,0,1,5,1,0,0
8e-06,udp,-,INT,2,0,1064,0,125000.0003,254,0,532000000.0,0.0,0,0,0.008,0.0,0.0,0.0,0,0,0,0,0.0,0.0,0.0,532,0,0,0,21,2,4,4,1,21,0,0,0,5,21,0,0
1e-05,udp,dns,INT,2,0,114,0,100000.0025,254,0,45600000.0,0.0,0,0,0.01,0.0,0.0,0.0,0,0,0,0,0.0,0.0,0.0,57,0,0,0,39,2,18,18,18,39,0,0,0,18,39,0,1
0.908179,tcp,-,FIN,34,10,34210,440,47.347495,254,252,292488.5938,3488.299072,14,1,26.324273,91.151781,2342.968093,123.534516,255,3095055800,2713640271,255,0.184942,0.087809,0.097133,1006,44,0,0,5,1,1,1,1,4,0,0,0,1,4,0,0
8e-06,udp,dns,INT,2,0,114,0,125000.0003,254,0,57000000.0,0.0,0,0,0.008,0.0,0.0,0.0,0,0,0,0,0.0,0.0,0.0,57,0,0,0,17,2,3,3,3,3,0,0,0,4,17,0,1
1.031102,tcp,http,FIN,12,16,1098,10064,26.185578,31,29,7813.000488,73203.23438,2,5,93.701364,68.703197,9763.024607,8362.559998,255,522279551,2668695730,255,0.000657,0.000549,0.000108,92,629,1,3924,1,0,10,1,1,1,0,0,1,3,3,0,0
3e-06,tcp,-,REQ,2,0,90,0,333333.3215,254,0,119999992.0,0.0,1,0,0.003,0.0,0.0,0.0,255,0,0,0,0.0,0.0,0.0,45,0,0,0,7,6,1,1,1,5,0,0,0,1,5,0,0
0.018051,tcp,-,FIN,16,18,1540,1644,1828.153533,31,29,639964.5625,688272.125,4,4,1.1826,1.034765,72.744586,1.987351,255,3177682234,3179342322,255,0.000576,0.000456,0.00012,96,91,0,0,8,0,3,3,1,3,0,0,0,3,10,0,0
1.931237,tcp,-,FIN,10,8,534,354,8.802648,254,252,1992.505371,1284.151001,2,1,214.482444,265.578562,13674.03924,387.241531,255,2759393400,1000903617,255,0.113247,0.072181,0.041066,53,44,0,0,4,1,2,1,1,2,0,0,0,2,4,0,0
0.001073,udp,dns,CON,2,2,132,164,2795.899292,31,29,492078.2813,611370.0,0,0,0.01,0.008,0.0,0.0,0,0,0,0,0.0,0.0,0.0,66,82,0,0,3,0,6,1,1,3,0,0,0,3,4,0,0
1e-05,udp,dns,INT,2,0,114,0,100000.0025,254,0,45600000.0,0.0,0,0,0.01,0.0,0.0,0.0,0,0,0,0,0.0,0.0,0.0,57,0,0,0,51,2,11,11,9,51,0,0,0,11,51,0,1
0.787242,tcp,-,CON,6,2,1012,86,8.891802,62,252,8576.77832,436.968567,2,1,157.4484,0.008,7879.904879,0.0,255,3016793410,4199556562,255,0.412629,0.168033,0.244596,169,43,0,0,6,3,2,2,1,4,0,0,0,3,4,0,0
8e-06,udp,dns,INT,2,0,114,0,125000.0003,254,0,57000000.0,0.0,0,0,0.008,0.0,0.0,0.0,0,0,0,0,0.0,0.0,0.0,57,0,0,0,36,2,19,18,18,36,0,0,0,18,36,0,1
7e-06,udp,-,INT,2,0,168,0,142857.1409,254,0,96000000.0,0.0,0,0,0.007,0.0,0.0,0.0,0,0,0,0,0.0,0.0,0.0,84,0,0,0,2,2,1,1,1,1,0,0,0,1,1,0,1
0.827846,tcp,-,FIN,14,10,774,556,27.782945,254,252,6948.152344,4841.480469,4,3,60.640921,85.508555,3170.827116,138.762828,255,402420564,3117587179,255,0.135685,0.058261,0.077424,55,56,0,0,3,1,1,1,1,2,0,0,0,2,2,0,0
1e-05,udp,dns,INT,2,0,114,0,100000.0025,254,0,45600000.0,0.0,0,0,0.01,0.0,0.0,0.0,0,0,0,0,0.0,0.0,0.0,57,0,0,0,11,2,4,4,4,4,0,0,0,4,11,0,1
1e-05,sun-nd,-,INT,2,0,200,0,100000.0025,254,0,80000000.0,0.0,0,0,0.01,0.0,0.0,0.0,0,0,0,0,0.0,0.0,0.0,100,0,0,0,12,2,2,2,2,2,0,0,0,2,12,0,1
0.0,arp,-,INT,1,0,46,0,0.0,0,0,0.0,0.0,0,0,60000.712,0.0,0.0,0.0,0,0,0,0,0.0,0.0,0.0,46,0,0,0,1,2,1,1,1,1,0,0,0,1,1,1,0
3e-06,udp,dns,INT,2,0,114,0,333333.3215,254,0,152000000.0,0.0,0,0,0.003,0.0,0.0,0.0,0,0,0,0,0.0,0.0,0.0,57,0,0,0,39,2,39,39,23,39,0,0,0,39,39,0,1
0.697469,tcp,ftp-data,FIN,8,8,364,776,21.506332,62,252,3658.944092,7788.159668,1,2,99.638426,93.221859,7319.518627,197.006031,255,3297877648,1429406295,255,0.064427,0.044228,0.020199,46,97,0,0,1,1,5,1,1,2,0,0,0,2,1,0,1
0.611956,tcp,-,FIN,10,6,1550,268,24.511566,254,252,18236.60547,2928.315186,2,1,67.995111,105.895602,3357.715643,176.507125,255,2842925248,2032848991,255,0.185875,0.081642,0.104233,155,45,0,0,8,1,1,1,1,1,0,0,0,2,5,0,1
0.001054,udp,dns,CON,2,2,146,178,2846.299829,31,29,554079.6875,675521.8125,0,0,0.006,0.01,0.0,0.0,0,0,0,0,0.0,0.0,0.0,73,89,0,0,2,0,5,1,1,1,0,0,0,1,3,0,0
9e-06,tcp,-,REQ,2,0,90,0,111111.1072,254,0,40000000.0,0.0,1,0,0.009,0.0,0.0,0.0,255,0,0,0,0.0,0.0,0.0,45,0,0,0,5,6,19,1,1,22,0,0,0,19,5,0,0
1.1e-05,unas,-,INT,2,0,200,0,90909.0902,254,0,72727272.0,0.0,0,0,0.011,0.0,0.0,0.0,0,0,0,0,0.0,0.0,0.0,100,0,0,0,11,2,2,2,2,2,0,0,0,5,11,0,1
1.1e-05,udp,dns,INT,2,0,114,0,90909.0902,254,0,41454544.0,0.0,0,0,0.011,0.0,0.0,0.0,0,0,0,0,0.0,0.0,0.0,57,0,0,0,18,2,4,4,3,4,0,0,0,4,18,0,1
0.915665,tcp,http,FIN,10,8,838,1142,18.565742,62,252,6596.299316,8736.820312,2,2,101.740556,111.298859,5638.667978,220.610234,255,1058368296,3304139392,255,0.155843,0.100089,0.055754,84,143,1,239,5,1,3,3,3,6,0,0,9,3,5,0,0
8e-06,unas,-,INT,2,0,200,0,125000.0003,254,0,100000000.0,0.0,0,0,0.008,0.0,0.0,0.0,0,0,0,0,0.0,0.0,0.0,100,0,0,0,7,2,3,2,2,7,0,0,0,2,7,0,1
0.020213,tcp,-,FIN,16,18,1540,1644,1632.612637,31,29,571513.375,614653.9375,4,4,1.3266,1.161588,84.697853,2.225132,255,2470206377,326529208,255,0.000554,0.000462,9.2e-05,96,91,0,0,9,0,7,6,1,6,0,0,0,10,9,0,0
4e-06,udp,-,INT,2,0,168,0,250000.0006,254,0,168000000.0,0.0,0,0,0.004,0.0,0.0,0.0,0,0,0,0,0.0,0.0,0.0,84,0,0,0,1,2,1,1,1,1,0,0,0,1,1,0,1
14.334975,tcp,-,REQ,4,0,180,0,0.209278,254,0,75.34021,0.0,3,0,14334.975,0.0,0.0,0.0,255,0,0,0,0.0,0.0,0.0,45,0,0,0,16,6,13,2,2,13,0,0,0,14,13,0,0
0.01514,tcp,-,FIN,46,48,2854,30622,6142.668509,31,29,1475297.25,15844122.0,7,17,0.329378,0.311702,0.0,17.737793,255,538559606,548879837,255,0.000636,0.000487,0.000149,62,638,0,0,3,0,3,1,1,1,0,0,0,4,6,0,0
0.605032,tcp,-,FIN,18,20,1020,4968,61.153788,62,252,12746.43262,62409.91797,6,8,35.590118,30.908683,1747.475737,1746.065904,255,652411410,4291606104,255,0.054283,0.006746,0.047537,57,248,0,0,2,1,1,1,1,1,0,0,0,1,1,0,1
8e-06,tcp,-,REQ,2,0,90,0,125000.0003,254,0,45000000.0,0.0,1,0,0.008,0.0,0.0,0.0,255,0,0,0,0.0,0.0,0.0,45,0,0,0,7,6,2,1,1,7,0,0,0,3,7,0,0
5e-06,udp,dns,INT,2,0,114,0,200000.0051,254,0,91200000.0,0.0,0,0,0.005,0.0,0.0,0.0,0,0,0,0,0.0,0.0,0.0,57,0,0,0,16,2,6,6,3,6,0,0,0,6,16,0,1
3e-06,udp,-,INT,2,0,168,0,333333.3215,254,0,224000000.0,0.0,0,0,0.003,0.0,0.0,0.0,0,0,0,0,0.0,0.0,0.0,84,0,0,0,1,2,1,1,1,1,0,0,0,19,1,0,1
3e-06,udp,-,INT,2,0,104,0,333333.3215,254,0,138666656.0,0.0,0,0,0.003,0.0,0.0,0.0,0,0,0,0,0.0,0.0,0.0,52,0,0,0,3,2,1,1,1,2,0,0,0,1,2,0,0
9e-06,il,-,INT,2,0,200,0,111111.1072,254,0,88888888.0,0.0,0,0,0.009,0.0,0.0,0.0,0,0,0,0,0.0,0.0,0.0,100,0,0,0,4,2,1,1,1,4,0,0,0,1,4,0,1
8e-06,sm,-,INT,2,0,200,0,125000.0003,254,0,100000000.0,0.0,0,0,0.008,0.0,0.0,0.0,0,0,0,0,0.0,0.0,0.0,100,0,0,0,4,2,1,1,1,4,0,0,0,4,4,0,1
1e-06,udp,-,INT,2,0,104,0,1000000.003,254,0,416000000.0,0.0,0,0,0.001,0.0,0.0,0.0,0,0,0,0,0.0,0.0,0.0,52,0,0,0,15,2,6,6,2,6,0,0,0,6,13,0,1
5e-06,kryptolan,-,INT,2,0,200,0,200000.0051,254,0,160000000.0,0.0,0,0,0.005,0.0,0.0,0.0,0,0,0,0,0.0,0.0,0.0,100,0,0,0,19,2,4,4,4,4,0,0,0,5,18,0,1
0.004424,tcp,ftp-data,FIN,6,8,320,1828,2938.517073,31,29,482820.9688,2893309.0,1,2,0.8062,0.568286,49.538348,0.829709,255,1824772133,3978760259,255,0.000565,0.000445,0.00012,53,229,0,0,3,0,8,1,1,4,0,0,0,8,3,0,0
1.007694,tcp,http,FIN,12,18,1580,10168,28.778577,31,29,11503.49219,76245.36719,3,5,91.576912,59.243705,9539.251003,7682.282513,255,3874607805,1726106508,255,0.000692,0.000547,0.000145,132,565,1,3924,3,0,1,2,1,1,0,0,1,3,1,0,0
1.1e-05,udp,dns,INT,2,0,114,0,90909.0902,254,0,41454544.0,0.0,0,0,0.011,0.0,0.0,0.0,0,0,0,0,0.0,0.0,0.0,57,0,0,0,13,2,4,4,4,4,0,0,0,5,13,0,1
1.090032,tcp,-,FIN,10,8,534,354,15.595873,254,252,3530.171631,2275.162598,2,1,121.012667,143.582422,6731.067402,273.151094,255,2928310992,1566634792,255,0.139096,0.084952,0.054144,53,44,0,0,1,1,2,1,1,1,0,0,0,1,1,0,0
9e-06,udp,dns,INT,2,0,114,0,111111.1072,254,0,50666664.0,0.0,0,0,0.009,0.0,0.0,0.0,0,0,0,0,0.0,0.0,0.0,57,0,0,0,32,2,33,32,19,32,0,0,0,32,32,0,1
0.001053,udp,dns,CON,2,2,130,162,2849.002888,31,29,493827.1563,615384.625,0,0,0.011,0.008,0.0,0.0,0,0,0,0,0.0,0.0,0.0,65,81,0,0,5,0,2,3,1,1,0,0,0,7,2,0,0
7e-06,udp,-,INT,2,0,168,0,142857.1409,254,0,96000000.0,0.0,0,0,0.007,0.0,0.0,0.0,0,0,0,0,0.0,0.0,0.0,84,0,0,0,2,2,1,1,1,1,0,0,0,1,2,0,1
0.049168,tcp,-,FIN,22,24,2054,2478,915.229383,31,29,319069.3125,386430.1875,6,6,2.32181,2.112261,247.991417,231.852099,255,2569432870,2569737861,255,0.000709,0.000575,0.000134,93,103,0,0,9,0,2,1,1,1,0,0,0,3,7,0,0
4e-06,leaf-2,-,INT,2,0,200,0,250000.0006,254,0,200000000.0,0.0,0,0,0.004,0.0,0.0,0.0,0,0,0,0,0.0,0.0,0.0,100,0,0,0,6,2,2,2,2,6,0,0,0,4,6,0,1
9e-06,udp,-,INT,2,0,104,0,111111.1072,254,0,46222220.0,0.0,0,0,0.009,0.0,0.0,0.0,0,0,0,0,0.0,0.0,0.0,52,0,0,0,3,2,1,1,1,2,0,0,0,1,3,0,0
1.133423,tcp,-,CON,6,2,998,86,6.175982,62,252,5872.476562,303.505402,2,1,226.6846,0.007,15026.57339,0.0,255,503564897,2508792798,255,1.060124,0.966442,0.093682,166,43,0,0,5,3,2,2,1,3,0,0,0,3,3,0,0
1.160599,tcp,http,FIN,14,18,1684,10168,26.710345,31,29,10780.63965,66200.29688,3,5,89.250154,68.240471,8838.14335,7738.466785,255,1621920828,3809814409,255,0.000638,0.000503,0.000135,120,565,1,3924,1,0,5,1,1,1,0,0,1,2,2,0,0
1.005845,tcp,-,FIN,12,18,1580,10168,28.831481,31,29,11524.63867,76385.53125,3,5,91.395,59.13335,9530.661664,7675.398442,255,3545668350,3550939026,255,0.000743,0.000573,0.00017,132,565,0,0,8,0,1,1,1,1,0,0,0,3,5,0,0
1.1e-05,udp,dns,INT,2,0,114,0,90909.0902,254,0,41454544.0,0.0,0,0,0.011,0.0,0.0,0.0,0,0,0,0,0.0,0.0,0.0,57,0,0,0,8,2,3,3,3,3,0,0,0,4,8,0,1
0.1906,tcp,http,FIN,10,6,844,268,78.698849,254,252,31899.26758,9401.888672,2,1,18.573778,36.845602,996.632407,59.532129,255,3006332195,1452987536,255,0.050675,0.006354,0.044321,84,45,1,0,3,1,1,1,1,1,0,0,1,1,1,0,1
1.037116,tcp,pop3,FIN,26,56,1214,50634,78.101192,62,252,9009.599609,383602.1875,7,26,41.484639,18.587563,2139.273957,1426.990204,255,1342617400,188587769,255,0.062262,0.014182,0.04808,47,904,0,0,1,1,2,1,1,2,0,0,0,2,1,0,1
9e-06,udp,-,INT,2,0,168,0,111111.1072,254,0,74666664.0,0.0,0,0,0.009,0.0,0.0,0.0,0,0,0,0,0.0,0.0,0.0,84,0,0,0,3,2,1,1,1,1,0,0,0,3,1,0,1
1.534016,tcp,-,FIN,30,12,21834,642,26.727231,254,252,110074.4688,3071.675781,11,3,52.517519,133.212906,3649.079176,203.662906,255,1331058425,2599666159,255,0.174216,0.068664,0.105552,728,54,0,0,1,1,1,1,1,1,0,0,0,1,1,0,0
1.1e-05,scps,-,INT,2,0,200,0,90909.0902,254,0,72727272.0,0.0,0,0,0.011,0.0,0.0,0.0,0,0,0,0,0.0,0.0,0.0,100,0,0,0,9,2,7,6,6,6,0,0,0,13,9,0,1
4e-06,ipv6-route,-,INT,2,0,200,0,125000.0003,254,0,100000000.0,0.0,0,0,0.008,0.0,0.0,0.0,0,0,0,0,0.0,0.0,0.0,100,0,0,0,23,2,8,8,8,8,0,0,0,8,18,0,1
3.819067,tcp,http,FIN,14,18,1684,10168,8.117166,31,29,3276.192871,20118.00195,3,5,293.744702,224.619294,24545.55112,21459.59743,255,915222807,916214237,255,0.00067,0.000535,0.000135,120,565,1,3924,2,0,2,1,1,1,0,0,1,1,6,0,0
0.466699,ospf,-,INT,18,0,2858,0,36.426047,254,0,46282.50781,0.0,0,0,27.452883,0.0,32.106723,0.0,0,0,0,0,0.0,0.0,0.0,159,0,0,0,1,2,1,1,1,1,0,0,0,1,1,0,1
1.43897,tcp,-,FIN,10,8,2516,354,11.814006,254,252,12592.34082,1723.454956,2,1,155.831889,179.543719,10712.95256,264.377687,255,1513109822,2911526873,255,0.267808,0.182155,0.085653,252,44,0,0,3,1,2,2,2,2,0,0,0,2,2,0,0
0.001023,udp,dns,CON,2,2,146,178,2932.551349,31,29,570870.0,695992.1875,0,0,0.01,0.006,0.0,0.0,0,0,0,0,0.0,0.0,0.0,73,89,0,0,2,0,2,1,1,1,0,0,0,1,4,0,0
0.03911,tcp,-,FIN,44,46,2766,24004,2275.632762,31,29,553106.625,4803477.0,7,16,0.90207,0.858556,60.742594,58.846755,255,1422672179,1433008026,255,0.000596,0.000471,0.000125,63,522,0,0,4,0,7,1,1,1,0,0,0,2,8,0,0
1.155196,tcp,ftp,FIN,14,12,750,682,21.64135,254,252,4826.886719,4335.195312,4,4,87.618613,97.127094,5090.622363,127.069992,255,3318016298,3182004699,255,0.139117,0.086789,0.052328,54,57,0,0,1,1,1,1,1,1,1,1,0,1,1,0,0
0.261813,tcp,-,FIN,16,18,1540,1644,126.044154,31,29,44123.09375,47453.71484,4,4,17.432666,15.368294,1219.251347,29.816437,255,2117247776,20478746,255,0.00068,0.000542,0.000138,96,91,0,0,26,0,4,8,1,4,0,0,0,13,7,0,0
0.001079,udp,-,CON,2,2,146,178,2780.352305,31,29,541241.9375,659870.25,0,0,0.011,0.008,0.0,0.0,0,0,0,0,0.0,0.0,0.0,73,89,0,0,12,0,4,1,1,1,0,0,0,2,9,0,0
0.199861,tcp,-,FIN,96,98,5486,92746,965.671118,31,29,217311.0313,3674553.75,7,42,2.100379,2.054856,108.438559,107.412385,255,2396065601,2448623052,255,0.000671,0.000537,0.000134,57,946,0,0,1,0,7,1,1,1,0,0,0,1,5,0,0
0.731317,tcp,-,FIN,10,8,564,354,23.245734,254,252,5557.097656,3391.142334,2,1,78.957778,96.488711,5828.587063,134.579453,255,3403327552,1025299742,255,0.103418,0.055887,0.047531,56,44,0,0,1,1,1,1,1,1,0,0,0,1,1,0,1
0.070862,tcp,-,FIN,72,74,4238,65118,2046.230625,31,29,471903.125,7252293.0,7,30,0.993253,0.976889,65.86678,64.649428,255,1241493907,1255661540,255,0.000655,0.000522,0.000133,59,880,0,0,5,0,1,1,1,1,0,0,0,4,4,0,0
2e-06,udp,dns,INT,2,0,114,0,500000.0013,254,0,228000000.0,0.0,0,0,0.002,0.0,0.0,0.0,0,0,0,0,0.0,0.0,0.0,57,0,0,0,40,2,40,40,25,40,0,0,0,40,40,0,1
8e-06,udp,dns,INT,2,0,114,0,125000.0003,254,0,57000000.0,0.0,0,0,0.008,0.0,0.0,0.0,0,0,0,0,0.0,0.0,0.0,57,0,0,0,30,2,5,5,5,30,0,0,0,5,30,0,1
1.8e-05,udp,-,INT,2,0,350,0,55555.55359,254,0,77777776.0,0.0,0,0,0.018,0.0,0.0,0.0,0,0,0,0,0.0,0.0,0.0,175,0,0,0,1,2,1,1,1,1,0,0,0,2,1,0,1
1e-05,ib,-,INT,2,0,200,0,100000.0025,254,0,80000000.0,0.0,0,0,0.01,0.0,0.0,0.0,0,0,0,0,0.0,0.0,0.0,100,0,0,0,11,2,4,4,4,4,0,0,0,8,11,0,1
0.648066,tcp,-,FIN,10,6,534,268,23.145791,254,252,5937.666992,2765.150635,2,1,71.897556,108.478797,3551.600741,178.042578,255,910465538,3883126538,255,0.181448,0.105666,0.075782,53,45,0,0,7,1,1,1,1,4,0,0,0,3,4,0,0
8e-06,isis,-,INT,2,0,200,0,125000.0003,254,0,100000000.0,0.0,0,0,0.008,0.0,0.0,0.0,0,0,0,0,0.0,0.0,0.0,100,0,0,0,4,2,2,2,2,4,0,0,0,11,4,0,1
1.2e-05,udp,dns,INT,2,0,114,0,83333.33039,254,0,38000000.0,0.0,0,0,0.012,0.0,0.0,0.0,0,0,0,0,0.0,0.0,0.0,57,0,0,0,8,2,3,3,3,3,0,0,0,3,8,0,1
1.266064,tcp,-,FIN,10,6,566,268,11.847742,254,252,3222.585693,1415.410278,2,1,138.071222,238.570203,9424.00947,439.047188,255,1873405126,3350341748,255,0.119853,0.073212,0.046641,57,45,0,0,2,1,1,1,1,2,0,0,0,1,3,0,0
0.164633,tcp,-,CON,6,2,998,86,42.518813,62,252,40429.31641,2089.49585,2,1,32.9266,0.006,2113.934627,0.0,255,2616713428,1852582873,255,0.148634,0.06167,0.086964,166,43,0,0,5,3,4,4,1,5,0,0,0,4,5,0,0
0.638472,tcp,-,FIN,10,6,2516,268,23.49359,254,252,28380.25781,2806.700928,2,1,66.764444,113.674,3631.783698,194.061578,255,2085364415,3445753918,255,0.148137,0.070068,0.078069,252,45,0,0,3,1,1,1,1,2,0,0,0,1,2,0,0
0.859986,tcp,-,FIN,10,10,608,646,22.093383,254,252,5097.757324,5414.041504,2,3,95.554,83.199445,5687.076158,153.557109,255,1717603558,2241345405,255,0.132129,0.057391,0.074738,61,65,0,0,4,1,1,1,1,3,0,0,0,1,3,0,0
0.189788,tcp,http,FIN,10,6,990,268,79.035556,254,252,37557.69531,9442.114258,2,1,19.683889,36.326801,1043.168553,61.757609,255,3397390711,1736746944,255,0.054264,0.008143,0.046121,99,45,0,0,1,1,1,1,1,1,0,0,0,1,1,0,1
1e-05,udp,dns,INT,2,0,114,0,100000.0025,254,0,45600000.0,0.0,0,0,0.01,0.0,0.0,0.0,0,0,0,0,0.0,0.0,0.0,57,0,0,0,10,2,3,3,3,3,0,0,0,3,10,0,1
0.004228,tcp,http,FIN,8,10,1044,824,4020.813563,31,29,1729422.875,1403973.5,2,2,0.552429,0.411222,35.356801,0.755692,255,2961491322,817125521,255,0.000666,0.000521,0.000145,131,82,1,83,2,0,2,1,1,1,0,0,1,10,1,0,0
2e-06,udp,dns,INT,2,0,114,0,500000.0013,254,0,228000000.0,0.0,0,0,0.002,0.0,0.0,0.0,0,0,0,0,0.0,0.0,0.0,57,0,0,0,43,2,43,43,25,43,0,0,0,45,43,0,1
5e-06,hmp,-,INT,2,0,200,0,90909.0902,254,0,72727272.0,0.0,0,0,0.011,0.0,0.0,0.0,0,0,0,0,0.0,0.0,0.0,100,0,0,0,6,2,7,6,6,6,0,0,0,6,6,0,1
0.938079,tcp,-,FIN,14,12,774,642,26.650208,254,252,6131.679688,5023.03125,4,3,68.777231,80.165094,4463.453248,110.008195,255,2333440855,3131075160,255,0.112958,0.056255,0.056703,55,54,0,0,3,1,1,1,1,2,0,0,0,1,2,0,0
8e-06,udp,-,INT,2,0,78,0,125000.0003,254,0,39000000.0,0.0,0,0,0.008,0.0,0.0,0.0,0,0,0,0,0.0,0.0,0.0,39,0,0,0,8,2,2,2,1,5,0,0,0,3,5,0,0
9e-06,udp,dns,INT,2,0,114,0,111111.1072,254,0,50666664.0,0.0,0,0,0.009,0.0,0.0,0.0,0,0,0,0,0.0,0.0,0.0,57,0,0,0,43,2,43,43,18,43,0,0,0,43,43,0,1
9e-06,udp,dns,INT,2,0,114,0,111111.1072,254,0,50666664.0,0.0,0,0,0.009,0.0,0.0,0.0,0,0,0,0,0.0,0.0,0.0,57,0,0,0,43,2,18,18,18,43,0,0,0,18,43,0,1
0.047955,tcp,ftp-data,FIN,14,8,8928,424,437.910551,31,29,1383130.0,61891.35938,4,1,3.688846,6.751571,392.181881,16.4076,255,3883367012,392746096,255,0.0007,0.000564,0.000136,638,53,0,0,3,0,6,1,1,2,0,0,0,2,4,0,0
1e-06,unas,-,INT,2,0,200,0,100000.0025,254,0,80000000.0,0.0,0,0,0.01,0.0,0.0,0.0,0,0,0,0,0.0,0.0,0.0,100,0,0,0,16,2,4,4,4,4,0,0,0,4,16,0,1
0.480955,tcp,-,FIN,10,6,534,268,31.187949,254,252,8000.748535,3725.920166,2,1,52.149111,82.615602,2724.916641,125.608633,255,1383991428,299630186,255,0.192016,0.067873,0.124143,53,45,0,0,6,1,2,2,1,2,0,0,0,2,6,0,1
1.362782,tcp,http,FIN,14,18,1684,10168,22.747585,31,29,9181.21875,56378.78906,3,5,104.802075,80.132588,9274.158215,8119.221824,255,1716887927,3863321310,255,0.000668,0.000523,0.000145,120,565,1,3924,3,0,4,1,1,1,0,0,1,4,2,0,0
0.017128,tcp,-,FIN,34,36,2230,13288,4028.491351,31,29,1011209.688,6034096.0,7,11,0.507727,0.472257,33.302836,32.044613,255,3467122070,3467997558,255,0.000739,0.000592,0.000147,66,369,0,0,8,0,2,1,1,1,0,0,0,2,8,0,0
1e-05,udp,-,INT,2,0,766,0,100000.0025,254,0,306400000.0,0.0,0,0,0.01,0.0,0.0,0.0,0,0,0,0,0.0,0.0,0.0,383,0,0,0,2,2,1,1,1,2,0,0,0,1,2,0,1
1e-05,tcp,-,REQ,2,0,90,0,100000.0025,254,0,36000000.0,0.0,1,0,0.01,0.0,0.0,0.0,255,0,0,0,0.0,0.0,0.0,45,0,0,0,3,6,1,1,1,3,0,0,0,1,3,0,0
0.004431,udp,-,CON,4,4,512,304,1579.778838,31,29,693297.25,411645.2188,0,0,0.744667,1.124333,1.042513,1.583686,0,0,0,0,0.0,0.0,0.0,128,76,0,0,7,0,2,1,1,2,0,0,0,3,3,0,0
0.022481,tcp,smtp,FIN,52,42,37178,3380,4136.826644,31,29,12975935.0,1174325.0,18,8,0.434098,0.535512,23.817389,0.924108,255,3730379909,3735675473,255,0.000664,0.00052,0.000144,715,80,0,0,1,0,2,1,1,2,0,0,0,4,1,0,0
0.523823,tcp,-,FIN,10,6,2516,268,28.635626,254,252,34591.83594,3421.002686,2,1,58.202556,78.731602,2955.529863,137.532625,255,4268532176,3099406295,255,0.178542,0.093147,0.085395,252,45,0,0,8,1,1,1,1,2,0,0,0,2,2,0,0
0.004421,tcp,-,FIN,22,14,1470,1728,7916.761087,31,29,2540601.75,2904320.25,5,4,0.210524,0.287077,0.0,0.380802,255,1835710336,3981347558,255,0.000687,0.000545,0.000142,67,123,0,0,5,0,5,1,1,2,0,0,0,2,8,0,0
3.53118,tcp,-,FIN,228,438,13142,548216,188.322322,31,29,29644.48242,1239166.5,21,197,15.554441,8.079444,6145.542094,4429.038174,255,4257064312,2118015951,255,0.000581,0.000459,0.000122,58,1252,0,0,8,0,3,2,1,2,0,0,0,3,10,0,0
4e-06,udp,dns,INT,2,0,114,0,250000.0006,254,0,114000000.0,0.0,0,0,0.004,0.0,0.0,0.0,0,0,0,0,0.0,0.0,0.0,57,0,0,0,14,2,4,4,4,4,0,0,0,6,14,0,1
1.413243,tcp,-,FIN,12,10,694,646,14.85944,254,252,3605.890625,3294.550049,2,3,128.476639,145.853109,7618.466451,215.691391,255,3992288763,3590834423,255,0.195491,0.099787,0.095704,58,65,0,0,5,1,2,1,1,3,0,0,0,2,4,0,0
1e-05,udp,dns,INT,2,0,114,0,100000.0025,254,0,45600000.0,0.0,0,0,0.01,0.0,0.0,0.0,0,0,0,0,0.0,0.0,0.0,57,0,0,0,7,2,4,4,4,4,0,0,0,4,7,0,1
3e-06,leaf-1,-,INT,2,0,200,0,333333.3215,254,0,266666656.0,0.0,0,0,0.003,0.0,0.0,0.0,0,0,0,0,0.0,0.0,0.0,100,0,0,0,6,2,2,2,2,6,0,0,0,4,6,0,1
3e-06,unas,-,INT,2,0,200,0,333333.3215,254,0,266666656.0,0.0,0,0,0.003,0.0,0.0,0.0,0,0,0,0,0.0,0.0,0.0,100,0,0,0,11,2,5,4,4,5,0,0,0,5,11,0,1
0.020946,tcp,-,FIN,16,18,1540,1644,1575.479822,31,29,551513.4375,593144.3125,4,4,1.375267,1.204765,89.827899,2.315967,255,3626309710,3632113992,255,0.000581,0.000458,0.000123,96,91,0,0,17,0,14,6,1,6,0,0,0,12,13,0,0
