proto,service,state,dur,sbytes,dbytes,sttl,ct_state_ttl,actual,predicted,attack_probability
tcp,ftp,FIN,1.292678,2934,3740,31,0,Normal,Normal,0.0
udp,dns,INT,7e-06,114,0,254,2,Attack,Attack,0.99
udp,dns,INT,1e-05,114,0,254,2,Attack,Attack,1.0
arp,-,INT,0.0,46,0,0,2,Normal,Normal,0.0
tcp,-,FIN,0.189998,1460,268,254,1,Attack,Attack,1.0
udp,dns,INT,8e-06,114,0,254,2,Attack,Attack,1.0
tcp,-,FIN,0.018855,1540,1644,31,0,Normal,Normal,0.0
tcp,-,FIN,0.558848,794,6798,62,1,Attack,Attack,1.0
tcp,-,FIN,2.020807,842,354,254,1,Normal,Attack,0.936
unas,-,INT,9e-06,200,0,254,2,Attack,Attack,1.0
